,Pre_Sample_01,Pre_Sample_02,Pre_Sample_03,Pre_Sample_04,Pre_Sample_05,Pre_Sample_06,Post_Sample_01,Post_Sample_02,Post_Sample_03,Post_Sample_04,Post_Sample_05,Post_Sample_06
ESR1,2033.6183013976301,661.0025998728947,3858.994087554642,96.82999401121687,1519.985765578041,4082.5781149592563,367.92355504547714,34.40824715418545,714.0645183924805,998.4348617754415,563.1571970364661,12874.61535347823
PGR,3837.665832097239,616.854094366536,17956.130654880926,16036.859597933093,80.16107676187545,1099.0519211195758,33.021643754115146,1418.6904575392216,9510.96237883943,1423.8344637042144,3364.8947717267415,3471.2703446904075
GATA3,130.72264858146116,395.21903778582174,61.37148646765854,4782.2490741331485,43.284859253228085,181.4435453164205,619.3530199785906,2976.2485181458246,189.97870189085165,590.0389554018222,587.527162115262,462.4254616825524
FOXA1,1579.7798699696982,340.2507441696264,2199.66862451718,40.51247226067023,1066.9182614847957,638.2097665654125,364.36648303873585,334.34628004300464,141.0549653018206,499.90711702277673,421.7064711260089,264.8932111385096
XBP1,59.88469733608921,576.5020815440698,1184.6388669693524,405.75454810358804,292.0837052875737,77.43693527310205,50.058014925441,68.40994853579582,20.86473911387101,74.43806168839347,155.59248083540214,7.947091223254041
TFF1,616.0797109287158,55.0600060826771,1481.1045833217725,63.77624256388653,10.942076926627808,2231.3603656376204,603.6708503030497,25.362670647047484,177.2026150017594,272.653375990025,112.32222510627939,27.11292308477705
PDZK1,4.1444328842763,14.422971035001096,336.7378767006288,15.966774307124899,4.595566595123614,29.633225678883882,38.33970422711887,130.46690533844026,69.43559956918028,25.81818809177324,108.28240467229695,354.76049082871396
ERBB2,453.68411616720175,57.50633937753805,706.0720708964709,34.96159309196733,357.8106530358733,230.65650962363506,11.997825466185674,55.340766164583016,126.7291039864124,3.8378154700445712,215.26966870431187,10.358930721354827
EGFR,112.28544425711623,661.8092169049823,1106.9995208015443,768.2900138244756,65.47920147216136,78.94964736925978,693.8500338200754,180.20552714880318,1182.6459914195536,221.56997076109508,32.48721155381511,28.820713376349325
GRB7,324.5506379898175,151.39800647464597,119.48500470584729,107.62840047934102,30.90155113550701,47.24047737394898,448.46843172935223,478.90930450099887,6.504832923937775,27.195591473670365,10.388622750706638,763.8283983864062
MKI67,1849.9990365270241,193.0432619418104,4991.699314425031,80.83438105423622,396.6744906355201,550.0769335263712,32.036125563212416,14.938748754267243,5.37715757407735,47.02194471937687,147.74066703354956,8.074036566195055
PCNA,45.40813317923866,284.3730020712809,16.63214719381824,852.2694450137898,103.35529778418005,169.05120589237723,29.827291195226717,27.546014209943916,3.875954475430582,247.9895598435978,82.11995508776054,86.0980012593347
TOP2A,73.7188752228865,345.524904521122,3574.0366281004217,217.8842600300287,3718.5035537884014,210.35080210221093,150.2511291728904,57.890524336937695,167.50058153565485,87.24889436936424,48.89916201660181,84.61742248043028
CCND1,144.99147960276977,1179.0381599194689,1700.187054686891,10.607030819853746,98.67604528664744,1170.2235314160191,25.055988502291388,23.77415676972108,162.2025311035408,1237.0396697785252,377.50422622160414,1943.3209882554265
MYC,2141.812886839556,12.514600806062784,95.43362664711731,140.626454316999,51.71964317967765,425.60397721770124,159.67231378188845,230.8099778649497,29.72304030917157,92.56477500980624,421.0615023327052,6.50244085005634
CCNE1,652.5631682563111,769.7863848977402,267.8472068655331,243.5051836917823,537.4985587201371,22.13278866016901,228.13289831481833,25.99402824432099,121.42300468720713,179.3161283774641,36.1167162654267,553.7464737218187
CDK4,70.3414030610286,359.4039640576889,265.081531779627,71.79333678151298,13.182682111750246,65.63166195720328,22.90747215152205,20.72674532505746,12.681313768721507,3.0425200747635883,61.67729126918398,44.10125044228991
CDK6,241.07390469793668,2426.5256767682067,1.792099506891466,9.358783889980105,134.209949168467,107.99210963640235,1893.6948499683804,52.99442824143224,47.31061408141124,59.77172670594788,54.41626769812318,28.552663800203657
BRCA2,647.3456507485936,2374.8127451823443,57.1205658063119,235.88359026789269,190.7856074998253,200.34496884711132,17.09253164555311,106.79112362011742,29.975412376385787,70.46034661856602,14.112724642109228,59.36484505054291
BRCA1,497.68224602761086,78.7810812327096,198.32844341533078,905.5613959136776,1267.1957502265725,255.28656508762316,47.91912529434801,37.21702896388944,597.6181226883114,303.7522301033916,34.2896374825807,318.0253966208916
TP53,195.94563212946974,822.9565707295254,695.935775271375,379.8554768424851,23.72492882831878,127.49051412821439,498.85176726911567,24.343073745095072,1771.9957118529205,718.184730809611,113.45717466506802,32.794692566054145
RB1,171.5118545594421,172.2176922312539,167.98034954319436,279.83432690774475,248.81021273405557,186.9007091623638,1582.0322357453942,131.48949231333557,1815.518312984084,21.298818400747834,913.1560560305254,162.62617733428107
PTEN,67.88617730012503,696.7916421629682,172.19896373327276,39.14831900229335,1031.3449050620684,209.5521792178157,7.9906786901565745,34.0372454217549,325.62204235646806,42.048549175605956,84.34175396287303,88.43851046202457
MAP3K1,1480.852101316167,24.42713536220187,33.37863403670699,10.66643171947493,2114.2032428875204,409.30737537448016,1964.6982224647477,820.5715484751663,1198.6687369408587,113.3089307481303,270.5815900193484,1178.51363366407
CDH1,151.34635973229814,382.7117533400996,31.777313117564407,163.83458456131717,865.5242845569672,126.74734595978737,69.56353184432344,249.45906539027482,483.7119790070971,65.63249521750657,1.5488133246805191,339.1920666080911
PIK3CA,1650.4136163987803,65.42978228236652,676.5058394414841,25.83192364734913,1417.825617700508,223.50876863156353,465.601870945071,1201.6833046621,4286.563041754647,91.88616352963302,161.13610042738907,45.50031650316317
AKT1,76.03616814584608,200.73547888601976,2893.6010856301205,80.28482345669735,248.56458411829223,38.55349850653285,384.37737916820197,953.5954614645805,2588.340287299349,251.76345111822883,104.12735876616148,32.022008355081184
AKT2,151.0913419253763,1905.651956102965,1027.2881279090195,306.9167765406435,132.74480031986386,122.3256305859546,24.186747356393692,1526.7073222870533,598.2728513083994,218.78795385893557,23.60509066997342,371.1584598251392
MTOR,1156.8994016616223,614.9159830908916,1164.4032283592499,1228.8019245698806,138.76136156844615,20.037717119451113,36.39103056653015,578.0284841656357,17115.779327407592,51.355336892387534,334.3996539964659,71.00514188766658
PTEN,741.7878868545165,444.75825976475335,21.221166092937953,18.910921698801484,111.78538658183244,355.1365120289692,78.10783737291104,26.517724957080254,155.07225237387544,0.5503711200233985,1.4490538951186667,65.38925897920672
PIK3R1,25.25657652001729,49.063671131063565,238.98406526659718,180.95375617051576,369.6711436647387,55.233124923392715,96.90389775348636,55.1778033276187,249.70529589192577,16.29169574475959,232.01413773842683,146.68914681456985
KRT8,156.40846961157166,150.2909612924303,546.3426047819188,21.713634189399077,116.03269350601114,746.3564431718409,307.80000076995685,84.58006972843849,18.826998052046594,14.053803250886121,158.8989083946142,822.8002649577946
KRT18,197.34188136439002,2671.447129016462,149.27425659310407,320.66151086145237,1071.98615902344,190.04395633486604,76.28791156361267,107.27633663095871,24.13571689582292,115.62685085847556,89.4725961883456,202.09164668260559
KRT19,47.47299249552193,2493.293405072792,493.3868343380304,111.66676338429424,7.248291586865424,66.07097652206394,80.29559248090412,2149.641892772354,637.195872175103,131.1845531520457,69.42490127575115,11.262062955946096
EPCAM,237.56937504255134,135.30266381700568,105.42367732573993,7.304513739356901,58.96819318861471,42.98107286970312,311.3934097887942,26.579023707604506,537.554749454235,79.01714394894792,60.41121918515205,942.5455266483668
MUC1,1871.7066029888804,80.82675207431545,76.74014925250569,580.9412534153364,540.1602024289879,68.82083132780159,332.4341054075218,66.45274444481906,194.05614352527974,98.0328697524698,628.811503793085,319.7808594558599
KRT5,121.14082379320932,13.594800174090668,111.39199605486088,34.73485471868569,5.4190407054888325,29.47205306136726,16.728095113301777,163.7606332099465,1679.7456959476565,18.815419727488848,206.46241290157764,5.390139725616543
KRT14,14.14289560205531,78.36269515777887,25.290340806513232,28.226862621735172,48.42958647725138,40.98386795020125,5.221124806501945,6.309642168272989,119.1419771413748,52.07997486847995,144.72874835258844,50.3291200427637
KRT17,106.55884974904995,25.324514370319605,10.26564339617652,13.767051027296858,148.38504109676126,48.19757195685748,5.381263212722823,15.03577345209522,21.38871309579781,29.950215151273444,99.51700457711172,77.06068867722692
EGFR,637.94216409327,102.06944802052556,492.82266330757056,27.647895631286417,1839.0223833544007,857.7321631181165,99.66399152983055,157.89167038246072,79.10810724198826,143.06172049745842,1129.8973169310082,146.31963039180775
COL1A1,30.227727537498698,54.338390357375005,111.54696355713456,19.764697073487838,108.9161112075922,170.74209886909358,84.3847170242424,78.26782568306503,468.7072404800536,139.54280509446193,10.843275376457106,111.20513254165643
COL3A1,35.95405988060759,655.646175262661,446.4785054260398,20.537841509506382,85.78950019263436,60.20096580275635,83.86072156607929,612.6283863758938,46.461758616766495,144.53168834637592,13.579371652136052,184.93581154403827
ACTA2,134.76275120186082,430.4451400207996,29.00215198537408,62.11215041820934,3958.6610686674335,7.825251911382167,1054.0610187498378,624.4139562064714,23.75694112076962,175.76036396867855,2075.923780736959,71.91907830137238
FAP,34.392859304076914,50.155475058221505,368.9802706225152,133.27579259018663,315.1474272211646,1622.550089003598,49.976966603822575,302.2098720068514,377.07041597437217,1421.6367042815198,49.08830497996909,249.93552667199341
VIM,104.39007779742701,38.33003770007795,717.5110874947935,24.48535509336153,72.39820546608419,9.55253171967145,41.628334381374515,78.88845949931044,114.13545445511257,640.4801218525068,84.63893366140584,1218.7500447261084
FN1,774.3325524854132,108.17376452776979,72.98266120921058,1474.0228146683326,144.28922647576877,502.5098926823524,225.58820239171965,843.1821340286772,166.66675891712524,997.7422806754129,193.9594437561024,18.911531374334487
PDGFRA,1102.2668869711615,260.1300743430411,230.2275592171125,337.4530210415079,77.7870005510411,241.28305967629203,258.1969434318075,540.7476475193779,148.65488626634166,333.4143838296147,239.0859654588903,63.97693017408005
CD3D,885.8308858925545,490.1833409407772,403.7027830899116,25.043322204699106,87.0394130426415,26.183457034410264,12.492567803210962,6335.249089252354,564.3816644597581,94.61071271311118,104.18745776467198,169.31000886791202
CD3E,244.03573800619944,56.40390113578796,41.4909659214804,34.29301596066853,56.56054131040077,26.44521110308238,278.3753423181169,68.73402150637702,41.358428391554554,29.76330403606033,165.26102524716765,79.76609739160259
CD8A,20.244662656907142,37.1367407809822,8.650527686689298,145.91186688639092,277.1456615048503,108.3647920783827,420.301373879158,203.98717548185476,791.6007878127755,32.580405868906254,1446.0761808209927,266.6865960460908
CD8B,736.2085963974922,1154.6653586953164,58.12738382430134,237.88065214209135,205.93319295211208,257.48957434231824,1428.2066340330207,1203.9426702224855,166.39315839021683,937.2377222444238,642.0185857055177,11.601452405883336
CD4,771.0940673069256,59.95909559372995,1191.0211636514784,180.62067546784303,278.28024588738504,714.555701129651,70.28527131478481,134.8380478725778,69.80823292168007,309.6755683551397,199.6148405086567,547.8427052541895
FOXP3,153.1538849031032,24.484351020062757,69.22696065044481,68.44524844534617,210.15702035865408,261.80596768920725,33.21683323949968,118.79611019704735,1268.3680466621302,71.51994176709809,799.7361718144507,14.74497444573541
CD68,810.3343256438953,171.98056779596965,724.2972899247122,450.32309001230294,29.40601531487364,2801.2422184061984,11.665546228721398,28.614891965978874,10.56885413628599,6.549052576105076,78.14051060707048,26.488621066004757
CD163,227.2331396884751,46.64927694426228,446.2484419864531,439.89776473346416,506.60483268854,5.482515494852305,55.093122775530176,69.90247751023445,1716.199845760863,569.4325658079305,119.20610896779507,126.15143983154273
PTPRC,434.83444325226185,664.3875634242842,94.65211363255415,15.65753971243607,206.03012888250356,36.60238711060415,7620.18512260966,349.13266818855647,130.252619757399,22.78630172815823,811.0155472885756,3.09091748601847
PDCD1,743.0377618732374,860.7838789655304,909.2980925168717,180.866176345947,131.112331046744,41.11594843306479,149.1332191096002,50.50567426073237,72.50061183720145,31.373945209683658,2812.5407645773985,12.9965253630601
CTLA4,73.24870480802977,263.9885754195351,38.832986806997766,22.62713833537814,201.53200170905382,53.95940518132571,572.1344725001892,13.045878273412015,98.68914607214386,592.9067461778559,5.20991671353254,39.09315516044396
LAG3,474.6153423092919,462.2733122010801,18.48199083106022,114.54619505997601,22.833364471241456,652.093701800208,159.06573434724174,222.29467219543784,98.95897929328225,126.60837986737889,73.82912115389257,630.0721318468568
HAVCR2,4.440786319902176,7.861647379053491,735.393446415516,323.4803487582199,41.37821233743136,46.144652335711385,249.1644621540719,78.91328080004277,165.26243197420882,315.95411149365026,62.66800650983021,117.33494484077877
HIF1A,11.358359167825435,20.360811101672475,1146.9957534261034,4355.8022285066945,241.48672261821108,69.72110694679263,733.6956076014964,468.741867881813,42.467530867571845,111.12105849667799,15.104951603964706,12.803118541188098
VEGFA,81.76183506980868,139.25503583672452,442.389584250456,531.87909812685,196.2658369599254,157.16614394283232,160.88342266469687,1228.3877819266072,49.23921403745138,81.0161289197338,2452.6756636533933,218.66035153561157
CA9,706.3413773997632,167.5341463961154,247.85176804881,231.85767201586486,249.6586142643023,3513.307632184217,346.63262383469174,24.179324489441527,531.5961783217622,27.025243716568188,25.93670477854712,161.2319893237173
LDHA,40.22299774885684,93.92134284424083,63.52343762541091,131.35277621716,168.2650269141022,117.66047884153065,66.34900160678549,29.20031983196861,50.14828254895852,57.93635136792461,271.7600162475711,57.54362658499233
SNAI1,51.185289444942995,38.3644206624999,1128.2055839841196,21.373173744748993,202.85963115814278,321.91146505840334,315.0175591507987,286.2125243470081,56.19692831257099,662.3583109691853,2667.856990853665,80.22343643177547
TWIST1,565.7576463345455,167.3428930157277,258.7629377889936,11.848475141635065,69.14119756675088,48.42697649982445,80.91563598863648,98.54665149992745,151.6189470556882,252.37799126129323,1177.2166702165764,363.9344712426428
CDH2,38.753770272491266,370.27643300068485,134.83607087242262,438.9304984915756,61.78761896620397,38.943305060535806,359.5764218185065,77.16576487248348,472.1960831487233,98.15580198289635,1800.5901750053495,486.6374432692152
MMP2,350.8040059104309,34.074733909043196,26.69132292380703,22.418674924354644,148.37440214851443,1114.554573034866,113.82280356748457,29.028860839132623,440.3392873257754,213.90198161919392,226.91546718885394,5990.555274034285
MMP9,9.211474727652964,444.01278734439575,132.60500253396248,468.65355643934515,330.52441401840974,12.238435440272683,1444.5036009337364,109.00992315506205,4464.29888649068,60.116479535535426,753.3177347760965,35.26215203634896
CYP2D6,285.5311760302716,46.014308446554296,71.24386204354714,120.61032845309148,16.30148076881721,14.53077773616025,348.48185264810786,82.80782227433106,163.65730235468706,2759.7872661065085,220.09490535482536,15489.451770046582
SULT1A1,564.6894086044205,166.7867006376151,53.258528618182915,340.0775721159141,319.15450866647143,371.00114197665573,28.98998851496805,1577.8735426174208,63.02484353397839,61.28140277656088,67.03034786577443,512.7766861829735
UGT2B15,616.2461986944509,1653.5414262668025,498.0212670378239,33.62835472722958,2854.5022196742007,161.33277900237897,37.59816841034448,72.27079406669507,57.276482187014565,15.331447454395002,8.400211594929205,64.70295960035254
RAD51,27.915069347284792,114.75161486831816,1326.1225777321047,41.81980917261382,4027.428698222351,94.1303144011918,847.1125024106412,455.6166884577185,130.7518693597543,47.49232078821959,149.82807119502507,154.24517290187944
BRCA2,169.7157581114915,48.59830748721935,24.44062065247359,479.1408811465832,11.856130115082864,9.057549503009504,36.97844911670058,139.11230534380067,128.75270370712107,90.26981293193408,15.988566711878395,11.877676584887476
PALB2,75.40990421780245,373.7945807880504,93.39127591751445,5118.510072772121,247.16456346271903,788.8239671809423,191.9265359733538,801.1589814661316,70.85425759411231,163.56914455593986,180.38376814356553,1193.9454486310133
ATM,422.9228317506398,61.0332139618305,55.538690333182764,15.344234413531874,125.34109214930044,435.9406001291607,49.652072567943186,632.7185911367854,38.66089456921761,9.165747833939983,174.3261356442004,131.56384750997105
ATR,690.0787488401372,39.71397746739798,90.62855513123885,322.7044240142071,133.34344629095355,108.10617854327593,7.003473970025716,90.08171648217228,255.5554345999039,256.70316319883403,20.82777560122129,32.5165845727427
CHEK1,28.5768707482781,152.48506658542289,1429.2173752988779,15.700033345958111,30.467137325126316,1106.5542100419643,822.346816730126,503.1490587995126,190.65071666934165,38.0468119046082,5.74894594279107,22.768587230489448
CHEK2,42.513898515128595,599.6481900772714,16.349507232387047,103.96672567960631,260.83886540569847,30.876179406944672,539.4984968097903,92.02334686874072,169.5716836006085,157.9177295500484,17.017850668896,931.709172738702
CCNA2,840.4095742815491,58.375871059594516,360.88890768771824,830.2733008442787,144.27654393362863,77.85012124924785,6.300158830795152,128.53296851779123,16.871330475986593,10.945184727587794,10.143140224927315,11.886503904877854
CCNB1,970.5373309275191,588.8369992593146,1176.0790930625492,193.30881495627693,926.082407055855,582.3865428652607,55.602550078842924,199.81838281982505,26.072964700181945,1704.0383812015305,3.4380495546300267,2.6907759877524993
AURKA,377.44503088013687,11.278256350737836,254.29161477200782,45.42299090319781,876.9603430684745,558.2067706478933,52.0393058801368,20.307622248986863,89.39585324892546,1369.190911076313,457.3779994769099,94.81127305568543
AURKB,852.498593772535,15.082881275813639,485.3487935379648,868.1771211288277,261.3273255976296,2449.8217530537077,219.51714300823843,22.63232596985465,47.21450607099847,254.81045078016695,52.7971285067436,76.1521639980758
PLK1,1248.7833860535384,872.6703469045308,237.69967357773217,118.03618169962269,864.5159902243203,1792.0493771089443,58.1737464764981,55.581717181114406,253.76640637875545,46.840288153937465,530.2973833329083,50.61756729088252
BUB1,229.13642419954886,287.3561364085873,136.835876143306,218.60837999192907,54.46994154852653,164.1643202944781,55.022447955812076,535.0821945483092,35.11942942371291,336.6222681031703,33.51705577740449,18.861122020581444
Gene_0001,872.3528924981798,33.47958781269529,38.81342833929692,51.99132600815425,4653.901929543336,345.02786973545625,138.14603153240063,60.93838664012481,50.77032449481497,70.72348977050534,320.2538797876903,36.60606139268061
Gene_0002,103.87067014155568,37.33167669977488,927.0223355015755,115.87385167502715,74.80923541652103,371.8504124329674,2648.673479974849,269.3503558883399,39.26380088774158,1922.526552119312,1005.5303128971225,44.43212333248244
Gene_0003,153.4655874281937,16.119504117932486,186.1183628119958,62.18596563062319,157.10419847183874,886.5688744943825,7.491805069442189,98.20415316756453,232.85958059421353,72.17247280212464,26.523134346922156,7.229576786260665
Gene_0004,81.51387600054726,108.35042581061941,353.64422173212625,129.91547327657045,520.8359789443464,143.66421243232315,336.0726641057312,242.30786013094092,440.0545365474999,8.892807721218587,563.9943515317087,109.15820793079462
Gene_0005,46.31301575525786,73.1393789676211,772.0465087690092,273.28703024047485,174.04966515476954,1475.3219008031206,50.05209664879724,115.73811685407101,5.128488989579596,21.199523836679028,146.61084096676143,16.399250881242107
Gene_0006,137.1579581711242,337.4974788756918,5504.844698437372,272.59376910234215,39.16733815375452,17.680316942708618,11.088971050153672,54.6668240287274,1842.2568464547105,31.921469520112478,163.7817810955278,18.04614922234358
Gene_0007,7.55774789035021,32.71861012702451,204.12686038050012,175.56890415080002,96.45317005336994,42.02326902009746,100.74598387852473,70.88548313878388,289.3600751318934,45.762978405581784,5327.609696849727,632.4179385106476
Gene_0008,10.35109592260513,184.25211354119688,268.03285086528314,198.83383227462897,588.1959038325693,226.15313628767552,9.313637529706952,611.8141609924704,65.4583324499025,482.5361552243451,222.44464199692234,195.57033908577748
Gene_0009,54.923074447184746,339.3409206237282,6.347980300609043,16.66776147205083,18.321107981162086,7.589692564532618,162.10511708199138,154.37091748727292,263.4789626557827,263.2170048348996,9.432041919317825,64.36887525519235
Gene_0010,630.1920542879424,6798.156262815978,10.713324574577017,92.1045363087196,33.113214222106144,717.3596032066706,22.97464268936685,213.61207573756582,20.959296551542685,68.61100385091866,2177.655861926679,27.571503313137626
Gene_0011,19.860990610696064,340.0841267070548,334.3816013214223,170.80870110114614,54.856215719764165,206.52247328117141,119.14697945732371,289.64636999928115,62.45379941670503,593.8209614659875,215.77545516033416,166.81022939825536
Gene_0012,184.44223137878885,253.0002811491566,40.283673350674334,141.46726125409754,64.63215880498336,39.1950272969142,15.32437781340948,404.90997466636827,89.09567349473309,23.30035178969731,73.10090764883832,136.22001736639106
Gene_0013,16.724769281901693,66.63440108757545,562.2492754818298,238.66660657642004,5237.252543223731,37.92045859508156,1054.1204301751586,72.31362592282224,69.24252695408445,215.51471949682104,84.81734363155279,11.68230255234548
Gene_0014,380.7571645259743,160.71582624751056,132.51129853797175,189.6731340491578,113.68680036279692,117.19328864214624,6220.3689993666385,131.16803306612795,10.188252887677526,65.73748484267624,292.36385038356923,301.08302365806117
Gene_0015,43.84335819784206,17.314692104441608,552.7167002082651,26.877693248972705,711.7217549355819,39.68924416191517,39.37411891159171,273.4460935616989,32.483107451210685,36.47295934085337,825.150827655145,4.134595045693735
Gene_0016,146.3873198382779,769.1473688883018,493.58406654597314,642.5203790258714,135.49069547044363,37.577233861286004,38.35899767207395,266.1009115326727,12.933846108900724,5.548193802591455,32.60110651019447,640.5114422100794
Gene_0017,11.495151487845245,40.82630299660938,34.605593522919534,80.52777336802808,1.6082042269213133,297.30828677094513,359.76676153988046,421.38359724200876,2339.005726116962,298.34515859601737,82.43573882788644,12.334256808580864
Gene_0018,799.6622753915306,87.11506688937357,23.973063715088223,128.26434818726545,5.6771459076022435,31.53323583222786,204.81424786933934,770.6496171284259,2233.6284927306815,362.2284565367178,1456.0105983170276,181.70025376321053
Gene_0019,32.91022009561286,209.7049135865371,23.91620127521149,203.26633381793323,1213.8911764176423,531.574863812548,527.5919264773041,337.452488001458,160.6507392164635,652.4557206844536,129.38246901712043,765.1604631585548
Gene_0020,0.9464649052543969,579.7439679375575,173.1847849570674,399.83739680137114,1490.7251579973251,87.99339840527493,1373.178535814085,170.33901713856758,136.07246921771778,1010.0323744166926,2568.0826937941347,32.821948062043326
Gene_0021,19.9462445148352,3504.9254218238602,152.3504715583375,375.6932753228391,1036.2548368042937,3504.543106533022,83.43029245127542,478.71885510809244,437.9374817996088,44.33228695205158,80.78419212097754,408.4035406438401
Gene_0022,49.650862200529694,1189.18067639791,35.51999595069656,487.43214683336663,79.49611794798071,296.41702107790513,24.110999531589343,11.079731014536886,2216.25861048816,44.8189097553628,38.12825590028801,1715.9449968833726
Gene_0023,2144.029363081828,33.82295012017119,35.64561124816221,83.14076519206056,1962.0110671913449,266.9893799442419,25.106012166541763,30.73506785374911,258.38557305162516,154.82604244298327,590.029238491663,7.698776216216367
Gene_0024,1129.1041519520506,80.7341170749568,7.580042375942128,4379.437039451643,214.87587216779184,31.91865049094007,6693.394903472166,118.55859353444579,40.61508520489324,345.24738563684235,497.2899028776704,1893.6743658452867
Gene_0025,29.726163548223465,54.0393766387906,499.4286380255962,27.660757225920726,14.796641053906221,401.7660956171872,32.105087005162325,1070.8349997234059,58.51427319781299,3411.3495321008204,347.8458354841054,499.4202868453907
Gene_0026,35.82028269341581,16.048213028157097,22.009644894905097,20.59664966724049,671.2481425219623,2720.222753131868,1721.1541587067716,974.3934027995739,29.294970535693512,4.8552524621792745,68.94537575479279,17.906108866195346
Gene_0027,78.11608880564101,1621.1287144453393,102.03485076506708,139.4809775261707,4163.946893805815,30.958307754820115,194.25533032816386,2504.632956427294,657.4634687819967,21.319293843416638,200.6954993263251,113.29909435481474
Gene_0028,46.888141164173405,42.97369265746367,68.87580496524969,59.31601113241598,312.5011328703873,229.59136882139407,51.06390813731089,86.98111071280431,184.93647483023278,15.454298640483609,187.22367917703693,413.97500297590267
Gene_0029,83.12332835863637,196.52206900858334,112.98799554633231,58.14397388765673,87.64410469042424,91.82831841257773,123.42274952908804,93.8476303485129,1023.6543972731778,500.36273603257473,122.50737802471883,724.9386572421629
Gene_0030,190.83024240921512,321.00229538519915,1079.0940930040435,101.01465940824279,265.69755805275275,29.264604548203714,73.70278020591519,244.42774559306594,74.23249676980882,326.74212953083486,4.2599172096621984,87.25569295339437
Gene_0031,46.472835913125614,10.724191322423765,467.99738041953015,112.08574881544394,83.9188899725744,450.49504833353507,11.047370016056488,322.4250690244171,192.5450305064237,7.845399277894303,271.37576163897427,497.01429137719106
Gene_0032,263.6100029628192,97.59308727224878,147.71713393497856,336.2371525005204,1651.376651073771,326.1522231898781,398.26030822196213,143.2121347208157,143.28417007590141,377.6865218156202,181.78868888224835,490.5216956408865
Gene_0033,68.06591662169328,1456.4263908516612,139.11019919667297,21.458223238751778,84.96048991973296,79.26844804721509,165.6088881220116,737.6782735631815,20.0695138046323,351.785576840061,306.99562817755975,782.1750640679477
Gene_0034,38.110075302119775,34.820253604375495,260.2237460181672,30.662324391098867,29.71044624002225,842.2660612042606,560.1358676727785,688.0905739035187,456.8218068541739,527.4772855046622,113.36515183676183,889.404437425738
Gene_0035,180.3875914572186,434.64323472235975,1271.339045270289,13.66297338557583,70.7051377023034,3.6695735836530603,171.45466980048752,163.29525569122745,2.4055286279351606,241.58131743668997,19.90987083998777,132.80180720905557
Gene_0036,293.29933657700707,126.54816721508163,183.8812723614663,5511.495406969611,880.0552406385802,973.8325869381088,204.34228976340074,114.43912255247655,478.1619366244121,146.86352089851454,244.13867388154765,66.83939791261024
Gene_0037,65.02208897982577,7.834382907744275,11.516516859951853,20.199624789759543,12.9919870674037,65.1409477429465,525.3941987689723,18.19545298751585,31.500467228565377,24.29976378578886,134.00111890998397,199.0578824547207
Gene_0038,48.967085334464905,12.248823108948372,46.405023993479574,149.28753939412692,43.93884984244834,2354.564236094149,7892.496514190622,18.10110770325938,201.09281788058524,8.403872693268886,265.52108523888427,582.819263878178
Gene_0039,1.3383909865605237,368.5608241630789,40.08017042343815,10.046575849715776,339.7641807226739,43.90116349528879,70.03439493554713,79.81563991418086,10.228674436985179,59.04175161838519,8.298781737792837,92.59437202123614
Gene_0040,146.99084063178194,1516.8165771235615,223.00550362682208,4.871674892792434,310.54310874456525,2550.049241368791,16.49442858626513,547.438228537171,1763.154751908883,47.08369759346886,7.989589712898971,481.57912866757437
Gene_0041,145.17304254701648,296.72521227185143,20.74755277745606,167.13323637855777,5.572072223779366,188.716581287556,511.17620613017027,55.47266539802047,470.4705050793146,383.35164351699655,34.34639597387566,1632.8108008845702
Gene_0042,35.27057376441004,528.270898642306,455.2185761633955,27.632528674688615,47.49891100370271,182.74367663171154,263.58489466522315,11576.50550146858,410.46746198960824,51.43637712509966,277.3909420192947,18.346582626086917
Gene_0043,13.779033687583528,725.4931491449304,1991.6707727713065,597.1920432019949,308.63393961196766,0.5987191430057849,188.34801412091144,8.65658472453081,60.23274288888465,124.93795169778049,872.7080566091743,163.18964377000444
Gene_0044,78.97818608314559,389.12080904086883,171.30998091998748,105.46553891498004,18.811188116485276,8.557412224594822,50.88873520854131,222.9151104995526,851.6777553144068,8.152258482852602,165.06730828763682,88.56645677651375
Gene_0045,148.82440958517606,55.1966224199092,114.17055874568408,71.03445457357854,213.69609496031018,2.422375986835444,10.807253824136406,451.2815216663908,557.0420190805403,9048.220573188384,8406.34270658691,28.849342170674337
Gene_0046,1182.8636369234898,95.94099195913947,165.96851431015446,544.4950057621893,89.11939629018627,107.96425187625648,227.81431881509798,360.045400514294,43.31373718990162,206.9849150674052,2609.4629429968095,45.808982870715326
Gene_0047,5190.583449914548,53.98859383189142,129.93302903869844,141.5834762717969,115.43159957705748,1303.3413599882726,10.28191299041154,30.258808098409226,21.60639638974696,11.04926029934663,135.07582752450662,60.86090807991905
Gene_0048,170.2114736793132,6057.810623831318,288.59223579247146,39.92438560120119,14.340945011148094,147.2226395124413,1982.5330798366226,380.99981097075846,27.56589019007923,98.44724699236549,124.00649094995731,104.40617492101164
Gene_0049,60.95045885489774,161.471598423767,7.862111518289513,244.80219092219983,49.42880884778423,1160.1319064935465,50.80567560293508,13.169625916468249,3.3025402787242686,87.10498950287426,704.4547331287486,392.34470882464865
Gene_0050,44.28946888485365,130.7198710498437,22.066477614026333,523.6391078795698,248.75738617001036,1651.6568037282118,140.77842953113824,170.30367011380145,13.036855176773983,111.13383069777514,84.11531253506939,57.991179244643284
Gene_0051,66.39560634574646,920.6078150869496,11.111582458356159,1425.0328112944105,1154.2841903234787,340.800432766255,46.36932841514786,18.782860170310876,926.7901858580758,540.9774458759898,2871.9230513664234,73.93169610179493
Gene_0052,44.44460036796118,12.03992965043173,44.754724174648594,274.2381939030019,960.16197082263,15.633445163758843,36.31207235035605,275.04043103043387,283.3410057616697,66.9169554007283,6.710054088702792,81.29280816297991
Gene_0053,1216.0496784975019,1003.7352031546111,2846.0067630501817,304.9041439990845,198.66941422141707,38.330468121818804,648.572130181444,273.45988344753545,20.32744275077524,36.45114367775176,973.5819414587695,86.53905617284462
Gene_0054,1127.0502248293317,2.6319575071781274,39.77204804684773,99.92244930539162,145.21912757992968,1083.3762389567416,251.01153726602595,468.4593219303809,225.66192518602327,32.522015413795366,157.55553807203168,192.16169309067172
Gene_0055,36.96020008893617,1068.4783265342176,27.02817056884268,147.3482873094748,1005.2793516151826,468.9556514963646,840.5380998100334,151.63252116880443,33.50741945516631,9.499860523693972,22.86728253186395,54.71554965914275
Gene_0056,152.68667220146884,55.177034068031546,325.3922088908325,67.76866625080132,32.82147337883389,43.775579304432775,15.988112325981986,479.01656146162355,15.155539390364048,611.2825637420815,165.37160830447743,109.46291266029043
Gene_0057,91.19524490530544,183.9119416008736,81.63500975919793,275.8107220426772,896.8576218315599,28.346220993213535,553.5354009909958,310.1935389785834,183.5390292148534,64.16627253268871,589.5581478745494,19.6919209644364
Gene_0058,259.29917422521805,131.82237079889143,44.60311998226112,41.258342729671355,276.4752468475227,31.63607869280276,149.33673822372984,122.5801157710248,348.59798802315186,40.77980544913649,202.50823097162004,1100.1922488956925
Gene_0059,112.6915438101242,334.57932521206493,1845.7934307410328,343.6664201958262,411.91477422372543,13.05798805884218,500.32600334027927,114.65641666577301,107.40138572063174,1444.0284724998191,2658.2450610860706,52.00652811384152
Gene_0060,9.581138344019747,7871.221989319622,178.62979995486685,472.96897800603205,2383.061241835509,34.328489602207604,18.10270906550851,86.57802148600808,178.8296470674686,148.4023087310211,93.35642629237586,106.50897579138737
Gene_0061,75.80572800021102,107.78673931926521,632.3453965396952,673.8348752121258,76.05773132040702,146.79666779178086,74.27982548185118,75.02688395604632,11.115357292236176,453.84007733993747,280.60060039615286,1047.4798377456507
Gene_0062,644.2540537462784,170.17283978904717,39.83106422414134,49.99499052239422,1673.3402825431463,255.09527883975494,25.37424618734631,612.265507448735,45.80270449233877,339.0703352350884,129.28152387937973,564.8159016446217
Gene_0063,188.71443053447734,353.8430412691865,3584.171834867982,114.12216586383805,27.853751687262186,54.00544191079413,825.6027401431012,114.1675770397775,815.576330529859,64.77640832394354,37.987032653274916,25.4261811719157
Gene_0064,295.98212201402094,66.16688152816975,63.90227748455357,1261.8156850781452,554.7132682400594,111.5647233219227,89.12332524960024,2.788895840382994,10.182116141373697,101.02992454099953,15.8082110511309,61.08850954856732
Gene_0065,79.56873878225431,31.635998954811015,12.167907327446752,628.6118020719829,29.960758950542974,171.51107932467627,19.996774249948157,2549.1764685211974,105.65164919625619,703.1702928162849,18.60042092218361,267.7258250926529
Gene_0066,79.41089421987054,20.146837576383053,122.69583404174412,225.1011248823049,783.5826940836631,19.638610772451962,593.8886848623869,549.9561612172535,50.92177057883001,34.51249188586748,5.068332745070018,32.948989474732485
Gene_0067,326.32470617355847,216.2590629051645,87.62363534232206,1205.5190951129327,8.916071446128324,85.66617612886762,58.52561602232082,8.613176767649547,32.03197259293451,32.760777873154424,12.802385014746712,109.89615919949361
Gene_0068,149.07422161285467,446.8101663113678,115.23981060040785,43.310022631315256,112.87814663214556,286.7492013738236,10.369758578783443,80.53233189618082,147.2203852017143,41.566354505810594,98.10476755342131,275.25123435779636
Gene_0069,166.51363330076194,242.59854923127259,2115.9007392994195,82.74045701190498,20.249457502315074,224.09340390201893,100.25627446001761,1915.1709856491302,671.5940296037073,2196.2599985200864,309.7553925151849,1076.1353908366373
Gene_0070,359.3509850779987,67.97832651418811,25.822941317188075,296.0446388154949,15.409354340387923,63.09559879918438,67.4904471072163,434.96303093169115,642.3956764865263,60.78194634941574,126.51158823717637,133.94594166006908
Gene_0071,18.815711159227195,191.2661066402877,8.732185461624457,822.3103385476516,83.91916041091582,2663.4351686081513,643.8363423324726,247.02099769882983,32.543316818677,372.7843769264413,119.90148914788612,125.70213865156772
Gene_0072,146.21424549872575,16.04735029083488,229.69491381270802,93.12968466661671,445.73591999286236,170.75964321949658,175.13839550483695,835.6991677734023,1041.7426940815847,363.13661808288384,31.555250028304446,2.9045779600370056
Gene_0073,329.22505079708424,93.96573527743024,25.474554206268238,20.396108115185992,48.723426718662836,1547.8627292857313,156.0977206818972,310.5061617747239,33.48374946574816,206.21579885992375,60.32653371239797,42.942923098587634
Gene_0074,150.51975498600223,1249.2480674345052,292.3656984520687,219.88665553505956,50.673401714613945,103.96876902815758,1094.60583373869,407.9528566547712,157.99449600982615,388.10862918125514,148.30930058905196,30.799571305862063
Gene_0075,819.9232154098611,2838.584714375721,1212.7209832297667,1910.3492045132216,310.3246250002685,36.880814341195524,324.9345903541056,476.7224899039493,442.43543118975373,39.07756948668458,237.0004668217303,626.2036606607447
Gene_0076,616.1085179509085,232.2108297872516,2022.6474759174916,866.7214849390263,25.801517388713208,101.09727295972728,135.35638639594475,42.12413708652397,42.841478243679084,6.21228730784895,1390.214028557627,468.20450186253197
Gene_0077,129.85345979180076,3.0987101017545933,45.48184523234219,47.986570747567086,236.77736232605363,76.3423222037326,29.529323727832896,144.95493760254615,140.03331030161388,144.50960008304406,136.90741319633952,276.18731814578024
Gene_0078,6821.6712891567295,715.6786291418002,174.3422366781597,62.78669993177721,43.07656412010653,1263.056001769444,8.818188407959838,360.6102048838061,168.11523481823792,44.523652664964,22.714428924843144,161.9861861673637
Gene_0079,88.47122629782947,794.9727412605357,281.39629800064085,93.46869251140926,276.028227021042,29.234942805150883,73.90279219287754,22.784816714036943,72.15985945253382,91.33548310412785,79.77687909910664,7.6409266105870595
Gene_0080,360.7166167597944,23.074268880695346,51.98220669957386,610.8230054809092,267.5820976555901,106.12585731654609,9.4575521742907,81.01745058539534,39.766906131399814,108.10622718471308,9.299132310863678,322.71981552631036
Gene_0081,616.483099533451,59.67744915063995,36.839572868447945,447.0088156734948,47.19460132975853,211.87000313332928,1027.5889702179547,41.70425650677851,962.6735613188392,643.811195560697,202.51490059980404,47.837746982674595
Gene_0082,93.74881790492552,252.97065598425377,1147.4999174857537,74.9482513529433,137.60050617040207,12.858159670927437,52.32108349860443,2768.8872798145417,15.124845212481272,112.48815661944161,886.130424157806,132.7947343656535
Gene_0083,123.16840600769265,418.40892884317657,80.95431232303402,46.40321323607425,30.72697668501792,5.564255056496635,252.07421414348093,460.0642074630331,104.0524114484967,224.72491021053506,313.28198025280506,278.55943610222505
Gene_0084,17.744308452281714,78.43058415445263,573.9004805624746,312.8713499227553,257.91152224525024,49.998860337128576,19.701949923440147,218.6585045990934,18.439227485742705,30.03366964304369,1617.6498290032528,50.67885851059475
Gene_0085,184.10922925822072,49.96897117400324,17.61210146030587,842.9994818102678,68.14383873505115,443.72015368870956,615.6545628661929,98.40830083029134,964.5573032710632,162.98055835691883,236.9396174763499,591.8039270685796
Gene_0086,46.49494132367692,207.76646203490318,306.68159588210415,1.6000973202318387,36.144533627109055,7904.88431954979,27.045591041769708,9.135929599890249,154.69286021679628,184.0401801941913,47.97885783637994,650.7663175849336
Gene_0087,4.488113062790861,19.5179295983661,31.706256835012837,357.1441149153389,153.04729368190726,302.0385604400061,472.98185125080414,303.8759813228105,6.793730959297671,129.0079287914094,211.5391936720371,102.24038936692251
Gene_0088,620.3190807173298,58.335749022722396,19.763001277825616,1701.7189299807005,726.766761453308,190.45379942394467,50.30192334064703,553.0912084594987,33.46690981296467,9.119575700065615,24.95432366159716,207.2949951815948
Gene_0089,367.0257662954949,958.8729126290713,204.19450817233306,314.74110054215134,56.53581585738016,260.80318577405717,11.842287527024174,3674.9190847679492,6793.553826766312,46.60107701692178,457.2661705791467,38.47644831634513
Gene_0090,401.1616241854266,156.16850867907672,192.85262482662222,849.8983197957085,6.78400205597302,115.01515356759336,265.88917372203645,62.26773779125806,306.0293273773073,431.45908836795854,233.75073285979082,50.643035997587965
Gene_0091,2387.9797655537127,87.38916134758914,25.50915303417216,55.374952207417884,19.158241231903073,25.821141053896174,177.01776385714462,125.57577894128246,82.82165461881065,547.9061638064978,1057.0238023303618,21.064664907142696
Gene_0092,3557.806886497156,222.18819818546893,4128.089723238417,1108.2575591447132,1416.7272564795371,884.7436645557399,233.61387361892207,247.7245412842463,275.2755333239036,61.333113739169036,1090.4303507524621,161.41031453808674
Gene_0093,103.6258018544296,1772.1576615654376,15.210745073111609,384.6313316350711,349.82529866080887,688.3495712550268,511.25512134229115,1247.724105674516,116.84435291194494,150.9841403702644,45.157885633569855,103.7543762190301
Gene_0094,126.0078725228872,419.29991834428495,21.620688075455895,317.0490756237098,190.89240874109137,32.62497465003419,308.32834307317,2525.723972963531,76.92790444357507,62.14852101959118,161.37283860631038,137.12149070775993
Gene_0095,64.0164021138712,374.2890959219501,59.265618084739664,37.00205662594801,508.13056783374867,85.94329300163247,41.55215066469174,8.048963360372527,181.72617894002065,44.09775681834068,2028.1579078762834,101.91568760853585
Gene_0096,62.522628770173505,253.53082235996698,17757.570141157255,42.54369846063039,46.34014729566511,8.77218500455733,25.481679627149592,28.312242678627626,233.79714314489428,17.678331660696298,563.4050643523304,70.60552931119125
Gene_0097,131.8761567370242,265.4758182659391,109.40918478403185,44.23702060657448,54.704105661736854,14.265189084231464,124.38121743787237,189.40959411086604,21.536413695219174,206.06168493296147,53.59862104679058,25.46749482520408
Gene_0098,133.05928039268005,40.33832798671688,800.3627329905592,50.91450459999616,45.19494514289771,225.23255972701372,9.581824339984484,28.229816136848747,120.1572676575064,41.636053147282944,451.8735073187644,5.933008568193857
Gene_0099,123.23768809508908,67.18106462306682,65.76076834128764,1051.646934526102,154.80535072471756,62.07081826749684,72.77035096968417,74.35005172433866,108.41700317054436,438.623583426234,167.09379694841306,1008.5433566253758
Gene_0100,73.94107308107039,59.35365407686611,36.260738788999596,2761.9899277360832,2400.9703680342627,353.63620219720684,81.81016412500557,32.77537750772431,390.2418812364237,583.8907257334815,205.46086272976777,429.9123628173199
Gene_0101,419.8784745603031,430.0109449399252,888.5529181001409,129.4260090637518,61.9155890671866,2874.6983071191016,29.772942229121995,308.0411630925078,29.05687596562203,6.91651017495947,128.6900861266563,8.430979393000428
Gene_0102,157.47194452844246,473.8574204754328,231.9581601684236,35.81737155962444,191.8940879190854,167.58418703635388,82.89499228532055,1100.1815495488806,58.6019107883634,5.978668876352638,16.364032433079785,478.7350367037148
Gene_0103,122.78937830367151,270.95554933271336,22.810020507038086,107.95469872520428,707.4277233145293,17.282278172454177,71.5597248590822,16.318134841075643,121.4527687687012,221.11054292409656,101.93004050850416,24.094555589410078
Gene_0104,2848.366915353502,978.023686353351,984.759829944079,23.118966337366615,217.43075843202053,198.22258269459977,81.75625243612534,226.31737089160507,571.7225856734158,639.2459978949465,1692.6418495915573,1230.2701625804596
Gene_0105,1465.5833136850442,13.577648986184828,318.1463227694859,259.5334873190164,703.9034316211153,20.70726284266177,29.103995184341517,9.750570584761508,291.9084334947647,248.3163747401581,340.2086770808188,20.333521872470286
Gene_0106,49.16903273283735,4193.815074528872,652.4684272202036,126.39644351993715,80.88193832485625,368.32541211111004,363.4816437217809,425.4973480479845,360.0783548311389,347.20743228563504,980.1346938683504,7.161947600471843
Gene_0107,2.279330098444594,66.59712988478258,361.94604238970635,846.4946423211036,288.6754277825035,269.13522661074745,108.1779866999073,140.0101348186452,88.18638363565418,44.758670109054954,34.28273092005406,128.85775706020078
Gene_0108,245.51528725970465,1295.4647224617602,72.59926674087961,3078.0693520981395,132.9818662810017,77.05315655747559,76.94508705442227,97.38240269240289,221.11684926200394,731.1114082428976,48.32945354123063,46.76245796352373
Gene_0109,368.3295954677112,131.95783679398633,121.60061940767264,128.8679104151181,82.31951279301089,219.8443744590264,84.67419996708519,187.27017110670357,31.39010870545637,829.7842145566221,20.017205151608078,81.22872931032259
Gene_0110,632.8272300326796,188.6540084661257,60.26234965522155,33.01799427670771,640.7443000918212,38.07937316747318,178.60523455434875,297.06733663567707,151.7765013427513,17.460558811309873,35.572198879025585,127.26841902084496
Gene_0111,28.52385372588783,1028.093812632903,710.4980411887635,402.12198117431757,246.41219125341854,199.3876528486764,594.3298506899487,1006.9974631816243,231.22944031757598,141.68866240792295,81.91713949130435,147.58680215054625
Gene_0112,163.69872230201653,321.9088966659893,465.3806863504082,152.80549433546173,378.78216504441724,2206.0360965740274,1203.8703184677036,162.37308173738685,79.4308542790854,224.67369017280177,558.5440846857118,78.2347884615271
Gene_0113,674.8684601043777,43.75198861364857,33.4293916081133,58.70148665544574,6.028106669119287,82.84836414919005,312.3302049615277,250.95312614503004,518.2990299195557,252.79914546085772,252.96666703745058,22.79853202347885
Gene_0114,649.0127165937647,223.3943248549652,68.4409155662773,5.1328132891983245,173.21224965895368,28.041584963371687,98.06681628302394,20.613897836936285,297.4137527074328,1286.2900183108038,56.08935388062482,531.7231296779531
Gene_0115,206.86035479123885,105.2144516661466,157.91147062629122,683.9946963630068,39.55828437840731,384.5885068650011,36.53078619782606,477.14667363049296,300.2422459988646,333.62711617327705,231.2604100462978,24.869881249873377
Gene_0116,182.96481379854117,1091.9987914275603,333.2447047825673,793.8636487572041,19.318411028773614,200.255877979378,128.52641006687256,33.49381956764232,2323.8227935983655,542.8061932879328,48.64310541032537,331.51162693902165
Gene_0117,170.35552494890047,550.5850734846566,657.8913856919983,1565.678365663905,610.5911238082628,2249.381839737991,99.56262248677679,2325.237567859195,316.79731527378834,2814.2964256281425,230.45421857291547,344.05858931616484
Gene_0118,30.369142425479495,251.3168367523727,41.519723660766815,29.804518836801428,54.41219707986832,761.762496119028,208.27712400999954,2492.860071454259,8.809008312313493,139.05799327708957,296.3475023616644,176.86299676625222
Gene_0119,713.155829102606,631.2308050466495,172.04464266110512,990.532892903487,515.5933683701899,448.46135135901955,11.173801021273883,78.57987757866454,49.08270392936406,47.495552187840424,28.987100319264734,281.93159283261804
Gene_0120,93.28322622923669,81.36574023469282,49.19152348176743,71.55891843981462,176.04820537036832,931.1908130315733,590.8565157729984,100.28061383494574,131.73965729061044,473.32324542940626,608.9155442545733,601.0549619135918
Gene_0121,43.00362590631402,648.7406716469696,139.50955902822633,176.59997843878986,796.3574441927539,513.0152296053957,122.03931965118639,100.55797019751492,265.893115926271,3550.6759960654845,31.515409159075922,29.52973645694072
Gene_0122,37.203754270299626,203.7432272772932,10.189229778451297,142.4438473550576,410.7851263738323,79.51885431304427,109.67162440321626,143.21105085497962,36.96280802765549,105.76639976035223,24.486904717097513,27.48032637517144
Gene_0123,37.57122587627009,341.16509310670733,1099.052942849936,1218.2605576310375,1399.9334649510936,224.95492701892542,167.91556433745055,63.85933827446966,206.62000648627816,4.605926893067516,465.6255617091439,306.4436843957796
Gene_0124,45.98315722720501,32.31661096330439,727.8200147953806,818.5548040931767,25.06884527487248,26.957208341559596,371.26473809534235,316.7735936376534,2828.2822394628383,485.96112548482375,48.90966841424071,51.699586275978284
Gene_0125,124.16719165222588,101.50048409542902,121.98852883496843,51.66945162459334,11115.096153479788,71.67195659386564,38.66095080686235,26.87888785814247,332.83693881262445,711.357334495378,17.73843234771468,197.7774159880633
Gene_0126,65.01080745529936,266.34836316433757,53.09938286461839,2736.4150745587817,411.19356518119093,38.21763675338584,25.303009609377884,59.000755509270135,24.377273481759097,29.53095241700109,752.8974092525177,304.3294162083284
Gene_0127,31.29758749308816,2292.1662215170268,89.91217486870316,228.49433990531463,894.7013224713858,24.036200827130322,467.4484938887994,262.81300848161004,804.0274042771116,1483.3221713343785,24.34939557620549,2.705971821948836
Gene_0128,326.9533335131414,4141.566012028203,166.072167363427,305.6362942893141,20.261644753839818,26.74577611166809,94.92192381241296,123.47832542847179,52.44122674301212,19.79298017061564,44.063127705614534,21.425696245411967
Gene_0129,27.017068265382683,295.92121901535006,514.6377795594902,15.184131996571693,91.17724995025483,38.9976260170517,105.1914921359855,358.82605814402154,157.04082590356037,128.46487706676456,523.3339733048994,41.282259577035774
Gene_0130,229.4059819512362,11.307678905453917,803.9809991782269,158.73811187366792,1716.9460394970638,127.93504176090431,62.05528162379744,185.67242625043153,31.152007661498672,268.0963694212265,158.42266204718652,220.62018529878262
Gene_0131,1016.6287666807767,149.0580796276249,41.33909772822772,106.85073296260865,141.6780274720587,594.8676298789786,237.13538494738523,242.02687217324944,81.04835012479543,414.38172018763794,64.95995094103763,25.266971005585386
Gene_0132,36.77932331898996,60.92940539993973,114.42143404343197,315.6114143519746,550.9955975385284,546.3215058351419,179.19598157239037,26.692084943881408,83.86303779007031,116.03498951423471,123.5811917985193,107.32386157230373
Gene_0133,1012.5809548930481,27.829372316760992,98.01811707435445,20.44030553578647,32.9728108596521,485.4347417155095,34.54411342188644,34.71305254704025,10.856012742599361,85.88088004409948,54.03600069714757,22.611312553590516
Gene_0134,16.14012098815255,299.7066149008607,311.8506182476116,674.9224112925427,68.90885677442164,30.339044164006282,135.23275927303246,200.07709043892078,352.6986866009921,113.27496624294476,116.99650127795154,40.94614192718739
Gene_0135,131.04790398412888,336.74445270838766,945.175420344516,71.11970524107606,80.82811608009327,950.4028830663078,28.51540406220927,61.50103187684896,207.71999280002385,469.76942144003124,63.652369828034566,30.560842212480566
Gene_0136,88.38322277031538,277.86996699037985,552.361714812936,75.00492446742378,402.2871396793283,29.288209223254583,50.64014267480807,722.9596840766344,79.35022291855373,52.6038034625904,14.23586341044497,179.93214238587817
Gene_0137,623.3961907411002,142.93261883606664,1179.1989256995485,254.52998553023414,61.773149558180386,99.65008156900953,90.24608274845788,105.95200248785127,2486.2105076065113,30.066432509153145,17.17304346818412,7.293322255962512
Gene_0138,884.8931791150941,4552.927556138162,702.9568362061837,15.239192516964993,1092.8785363685613,353.54221136172805,15.662447683668656,888.7004699224933,87.45578650422081,66.11527588613635,149.880960924851,22.21081798688188
Gene_0139,81.36020290811922,422.4614912148303,110.3893778007505,141.22165071046243,21.53848675721239,558.8924567411443,147.56152548644008,47.63156543378698,132.68407654118312,105.25328974150608,1309.4526105080931,913.9515683023708
Gene_0140,56.95322641663337,298.64478356357165,170.84980109692643,202.2182165819498,1706.7375147355062,33.34994400379457,67.832784772888,274.19406557825016,263.7551059529877,364.35235128293164,170.58787151899722,536.9377027619123
Gene_0141,552.7680120649962,131.81187131073236,311.3717831649712,203.5140794318357,106.53412155344505,25.049653934519103,362.57739152515626,40.0749455939983,129.3856501956746,803.6513508291115,8.972727789131817,89.44307596291469
Gene_0142,20.414379750319988,201.09781101595772,48.214193863556794,101.4784100525883,44.00320432867411,124.24922875602005,9.621152515242496,1134.1606168207138,23.40624568344617,15.39199463855757,24.762060315285137,24.96504289679804
Gene_0143,210.08998508542243,693.663169634254,36.621112592926885,584.0656988104587,23.759300820085922,42.344022650960156,31.899232130290663,74.23090833677334,29.878538203411082,2127.6666883987623,0.2571630362389734,60.0680359955013
Gene_0144,1.2577035371239922,493.83905766891354,59.24930424244061,1.7530307337984687,503.50509704059004,136.15445140946787,151.778108872889,787.7051925367448,67.1512122262744,1017.9296602461184,94.77438254742093,9.637711495855482
Gene_0145,7824.499143553213,32.66121111060065,486.77168655612,295.70351264920527,46.10880338231945,5.159987633289674,51.15765688033323,23.518912081616698,163.86910443047913,30.346201385037364,8.992723268639299,379.26570042978653
Gene_0146,15.936500395548567,355.98638460040524,180.72168183465988,90.12054713916929,585.4773713275498,164.48528527448315,122.12696516749665,358.6812943101424,280.22025518210575,39.36026765807114,98.94196335446115,1056.5242443009897
Gene_0147,67.46890365584365,494.9912994942348,238.02392704832823,1638.1317699615934,13.49136148782839,140.34491161347242,84.58764894754243,1005.3797210211601,70.4408642030828,9.73535311277574,38.725979283544135,528.9282239473937
Gene_0148,1002.1456128933393,33.475498279993964,62.330676264798534,495.26223004781576,208.83994724820707,19.428548768571012,74.65900220445086,401.1774170475981,22.24090406480933,199.2356132297264,821.3523127017937,310.69451869997096
Gene_0149,42.7206464530172,127.20589336753198,33.98783818451802,493.81505945678464,20.833765542145755,1202.0187130586191,561.7268457496193,35.00272309262009,75.8052662253967,37.28240061904708,53.11148113944259,415.22611972132
Gene_0150,127.30728689030845,129.27053972764574,8.361953852309291,464.16232607580366,27.64104057417253,10621.225484176892,100.66552260544229,312.0987545894871,348.69782143979194,1052.1630745333632,29.220877776711234,242.9241800526469
Gene_0151,104.72766225074284,424.50292910510416,105.02785616535894,76.01705360296732,222.0028916545358,247.29301901120172,42.69620685093111,66.65704996889308,69.21863195239818,67.65097403376801,62.98308235516754,344.2259461040176
Gene_0152,108.42296801694377,87.59015983141573,78.17829046277993,403.0006900903673,1886.2224588410481,362.7137930528258,1394.5933461974741,63.779563246450586,237.35652883119735,42.3229427808814,642.40746882691,1362.8925664474232
Gene_0153,360.1377077435454,250.85219401846226,397.2889538823737,411.2117360630561,1224.3894104137867,131.43704018318033,226.40498020252133,759.7503342300848,1321.8752695032922,35.08353224962682,265.50899320804115,29.948781243849186
Gene_0154,109.16953035752,0.6779143652963906,217.69589760741556,98.7313541824103,70.68502069986341,66.91615162030183,236.8279275889755,843.6275470190242,63.592522561585476,7.758575174011393,36.220703473020215,33.284604528720294
Gene_0155,19.12065012948803,6.413172039585296,180.97987079942968,41.37913420665246,49.83654418123828,47.32193094320449,15.818915481642415,128.94141197617805,21.572882051984777,25.119917798388023,34.16783414096615,24.06920786960064
Gene_0156,139.8057334978111,296.2955765809208,118.0165968439649,1136.988537257855,229.49878682867873,327.11392223217985,14.152796806546965,9390.59752950963,9360.267744281366,9.723590835944268,72.72935003166502,38.945569955314085
Gene_0157,38.128290891249726,253.77404139547951,345.93668365338317,117.90856838810093,693.26182969097,220.04223505637015,10.054219077665632,151.85395461708188,49.49262471861682,413.4866101423807,75.22625090719603,35.43200064246639
Gene_0158,185.6727629527787,228.8862635090185,175.92571065428834,1132.043635164551,20.18286255611625,228.09320177217649,7257.9128266908565,38.63750403683398,154.57146931071966,14.801837598015343,167.72840532804327,405.7939460002338
Gene_0159,116.43967677914267,2477.211107070541,214.35337309325064,24.840077153848288,207.1914448913978,131.4685698761187,43.075614292235315,1332.7804652957302,601.4571361977905,959.9399331651043,35.66882569750084,7.304716728750845
Gene_0160,449.4925438413578,659.1238347064244,36.74726948938807,495.17729260741055,78.28493694778314,104.569244804655,197.2855766206811,2438.3596714534497,81.8316986886787,281.7213572538752,131.56997472814982,134.02236752839968
Gene_0161,136.7600949279132,1491.3301211052708,84.95871684959101,105.16759936079762,2.6911080044987234,160.0440559899967,224.58569771719772,45.33733631219837,13.862051781988715,24.73930546313915,733.0032558289018,475.6867025060987
Gene_0162,144.03347368473933,2079.1182799444555,34.639124756168805,35.266158890924174,142.20571509635047,29.028987838522276,29.33367799344971,245.8946507887186,130.39799292574955,88.39110768144812,76.63628062960909,52.144063383152236
Gene_0163,399.3705072848857,7.46932846905754,72.34725017522813,342.2584948174635,23.369704691045747,77.64982916730584,75.03198122646133,2831.801149821234,6.401737929229441,146.84585921181326,141.78423771357092,108.66629701214852
Gene_0164,100.30828835696143,76.16418103497125,61.93838231478855,63.59798776081649,42.40972411689761,51.363301483035684,30.821452123445102,2220.5589800427892,99.12804321502476,152.44848291708067,562.9281264156244,414.4530357607264
Gene_0165,48.07023405335249,165.35481314122194,2939.6315118406014,653.780124702852,128.37743535844194,15.945680005149645,1955.993277502058,25.203364106006518,108.61437404528101,839.6283518192874,32.10963174242175,183.2030772903131
Gene_0166,523.3157310544674,83.19331777098463,69.38459528911177,31.079864815898457,195.30624825202952,425.12514303222446,178.45120405583975,259.9990160904543,120.51600310025144,28.996159305768316,67.77347898279187,123.15457316151745
Gene_0167,1744.1935364405822,157.561837755694,5917.555565772582,149.03391774454522,283.8259171530644,130.39606701666935,676.1604551774681,46.3180843581741,147.94096747578484,2039.769263722364,8.833193668850301,91.64872599328751
Gene_0168,238.01801834936083,507.5218558722217,22.351454135771203,256.7461846330771,33.07306280899893,252.51829257269472,30.435282910553962,53.62039600420816,699.3848193180719,79.60162496828292,129.55841866494242,357.2340828357015
Gene_0169,12.721340053397544,189.79398622042723,412.715986677319,25.826327296760898,182.28382770757997,293.38505116994685,160.0278569407421,18.433391844304374,64.20310554038618,210.26787220234522,1260.6405799831339,653.895283369724
Gene_0170,57.333219301849695,15.90336769529243,360.1106613351695,136.42412198994552,12.487489769782737,172.60710133200348,200.1210279139871,185.3482500552392,820.9091794067688,338.80299778950973,187.13126724772968,542.5374424717417
Gene_0171,20.870339267047466,24.019535941335636,11.420226096636247,37.50543855174501,213.6067158556937,1600.5651246283496,4.305888164853392,639.4608642047075,18.427506131242826,775.3910931980352,148.83182319390144,126.40903274481109
Gene_0172,970.5684586566008,511.44905654623534,5093.036161131616,106.06673305959885,594.6837803595463,58.68275949518385,14.3219840937985,19.264756613102115,61.364508603804694,667.1953808839136,263.05172114106017,184.1723163389354
Gene_0173,8.67723340858156,343.4836869298035,322.77438346549644,183.65935195243583,80.58361785124579,29.579307609513194,138.4879275679371,35.608046966318135,88.41442688412819,128.24766960142622,176.9938268455713,404.27840843585767
Gene_0174,34.42630883900801,6.114963751885154,85.98794831203378,688.1061423151524,836.0598290037481,313.7457734989232,5.140863491538408,8.874100180343309,7.730664925699763,11.829800213656407,8042.639537230748,240.74025411445834
Gene_0175,288.56305217377934,2704.8895965201264,822.7147772648467,192.9745432666751,139.2743914178266,137.29783117939638,166.9802933328917,16.144382134123564,14.028574295151145,17.68547493459945,18.90201936482642,78.02599905782196
Gene_0176,473.16644670048584,317.38261488492884,2334.5189706161323,67.1522447196205,254.09025833810688,413.5309106951196,307.5773385051211,7.936307191727771,75.23864036834097,177.4097007779082,65.69581199992925,595.733514888953
Gene_0177,67.26065385909531,30.681669238805945,138.87891704810784,150.1373308588414,24.241355788849347,7678.396876055541,645.0268144251813,18.064693530786826,172.73296631817058,2.082265418052427,8804.78665561185,766.2198544472898
Gene_0178,692.3658773780904,951.4332859314969,283.5809924011802,87.94271345672078,10.997302051183427,326.994048576388,232.93714500665885,37.24819803122547,235.07492360884402,407.7003515501226,1337.869365710057,864.905228167375
Gene_0179,52.72595898589446,112.29557744021166,1658.4724023980345,194.15250430098746,72.8907889802809,14.710699136132359,244.72725657418727,94.54413642988563,1.662150610158497,359.16317222523054,7.777308557394704,70.49414151656966
Gene_0180,401.6169819277293,16.742011445713814,29.22101788641973,914.4735533016622,1291.0279749873666,148.15072505267042,225.77087293261383,227.00821415766725,34.20650479971471,267.4937694476392,1279.3799029003542,325.4817558245864
Gene_0181,479.90867078207276,203.24171955401744,55.5237776863236,222.0283974105776,96.25614390675281,186.77828951269615,876.2974028827783,39.35136150736075,200.17590561550549,253.78449750232346,99.96989665098263,98.317070520542
Gene_0182,311.7094284659082,160.20260988045507,111.31791088612967,318.17359241594005,21.07052490988717,88.45259333474162,40.54566212981856,92.93772937049,87.12363735255882,62.6257511664922,91.1251163195602,17.46113627537926
Gene_0183,347.5587826771482,28.26556569410563,218.2736365311291,8023.962393835275,236.7635081829125,9.810502265735916,7.531402287805607,281.92568834958604,33.862200194217046,20.630451727665857,41.3890831951139,21.206331551281306
Gene_0184,175.6237585445088,68.58973467764211,36.555077057898835,410.6827578312061,87.83516178218433,355.3737548091055,111.70306501984568,130.70214570227122,92.59877580953581,894.8856144379891,684.9086057036502,185.8004927038386
Gene_0185,296.58943495767767,136.36914753678127,772.9952042107329,2610.464342814109,298.8489802844256,151.35249082680764,115.91750608884179,151.89504069015612,115.66386771750145,64.3411047950227,53.01437272501672,306.4682978117597
Gene_0186,97.86826431771239,153.1967401052792,138.0133584421133,1444.568702111844,93.64658051804788,4.394392270970247,51.11257739728132,140.01344077659496,48.96991629325299,31.438789948240373,197.18406343361568,852.6259231498108
Gene_0187,55.73019032418317,625.7274740860787,1719.096154572669,38.13083401876492,111.80084514682369,493.6307701951741,528.9460413230578,43.02272699915636,394.0558220582785,127.9194266383959,4.875795395147346,810.1375385362695
Gene_0188,46.036590309481426,14.956102280991852,179.8908872014634,1381.3231580451763,38.71868300586201,104.94707084253454,135.2747806283232,62.12970790296504,120.25960968726065,533.518596740702,1293.7902244134398,73.6526396210886
Gene_0189,148.43458431794775,304.68470431661626,2602.6734995984098,1349.8190832065661,139.46857316425053,20.487681667199663,24.457887934409904,85.24613851245492,146.0140236851054,7.529204150453895,140.57571444492083,421.55854382136766
Gene_0190,33.340503598054106,569.0152147558672,86.58684110207986,173.69641904022046,81.092230329357,774.1928272415088,33.20791329788589,189.0477559312874,61.264831423189655,417.0680024640714,28.693250798655594,213.2984886569483
Gene_0191,116.82721818479234,32.28302132745987,80.22115968923987,79.21455141407505,27.783437584642655,1435.3838004408124,1064.959689338582,128.67198211939248,968.9066347027424,377.676273072602,528.8602473906294,580.3761068151607
Gene_0192,104.4304951341206,1766.2716198437522,55.3463657070352,1590.1240155845653,26.918620290347278,1152.8018427132715,321.05787769628563,69.49170026821737,45.70303114990398,240.06252452605668,596.6903133042692,119.0700145756111
Gene_0193,3.654554394567925,205.09723870646317,78.45684694172289,81.11711617624466,61.74916132750056,55.87553783462224,233.67938887142353,3499.180984185497,679.2350322558929,277.2722104068523,40.70322856549662,16.997699065005715
Gene_0194,3931.256689789119,2379.806893313298,19.64683465953134,6349.723229953064,130.63021387952648,116.03487696222771,23.49406954564339,1108.5949446910788,235.9823254198452,220.3324541313283,140.5702239135462,195.8281744659751
Gene_0195,122.48943739032283,153.08442086349473,48.19393586977586,1307.227321147419,193.04602501429045,2177.9658606120634,23.830329206081554,80.20642846722924,160.54763821733587,165.68352935802713,12.824309736230772,653.3403872756475
Gene_0196,7.382582023937839,15.943828709269225,119.5273631633025,261.52222791112996,16.09333690314327,124.55055111309231,142.13882388952064,344.7487625254949,94.53549816852097,100.5727114733138,0.6111615565266203,18.934234230255235
Gene_0197,139.97855157785966,11296.606637888028,167.67164491619593,21.98371658527255,147.98321752059778,46.26930547698325,24.55350470161794,14.58101024180887,9.17749003867473,11.144221313868337,58.48264390245222,79.0516585410989
Gene_0198,322.75337899238315,644.9897278196036,1730.9093641139107,247.0046933426251,140.59782682314162,83.48077576772458,859.3869966003615,582.203235101406,3.8558308705098447,213.429180525687,313.9702221622285,15.695005125107366
Gene_0199,645.9910684886503,316.8518532994674,1063.0477472122484,83.27341357847804,204.05873750946955,1725.4445223575706,60.68404780152139,11.310508730145234,544.4051246275085,7.10925816216421,408.16390680635766,45.39060126590289
Gene_0200,396.4309176301182,3343.8907115428206,933.0543327701646,1643.9272003778995,2113.425657965813,31.959743249691027,11.349845717477754,85.61105991521838,100.09036069638678,101.09989978451877,269.36520677724826,101.181678175448
Gene_0201,92.85255520819133,49.35584575208371,207.28626701799107,510.84996117970337,800.2786336107549,208.43451626376006,492.44451606568055,46.876761489684206,100.4725877905497,10.023604647943044,156.25682229384645,48.860317741663124
Gene_0202,128.9681823332316,164.27577632117885,34.45433450148576,45.04031783214136,206.23018674234666,175.90952831690575,37.44600922391181,82.68920965887587,48.79843577333256,297.33554542942227,121.3897598865527,24.50567172617792
Gene_0203,10.379502567601119,31.403372463836146,4957.549606216319,210.0909349470785,6.43041658430305,48.34021865128334,3.2068950648394083,492.9097921822213,678.5269401440383,3.3032322881145677,531.1355029150374,155.87658632280682
Gene_0204,14.103266533998369,32.91316152924991,90.1918664485519,1122.9632737569862,1342.759912547741,78.52471134570602,1365.6231115490589,40.95928762543933,48.242063300797916,1282.9347267731432,272.7470332959091,114.30251638790972
Gene_0205,426.4458882307431,218.77701978616068,10.71320264182275,5.821618800191363,1507.3059977167934,243.17160305622627,39.922286570967955,231.39470472983024,17.705468097320587,859.4760719227119,3982.340337406329,92.68688734951839
Gene_0206,514.4578296470331,704.2530533428815,49.05079854052362,36.753759845130254,486.19810750680244,977.8186118768575,45.13572854784492,81.20563881091412,205.87124375417318,197.09324445691882,76.00378087162059,1361.6333510223747
Gene_0207,286.1624058470774,215.3829190842174,843.9454809587545,77.66292499225055,287.2325102678889,11.392778056569423,11.6662923296503,181.75760660130123,240.0040084876269,23.143768121485184,3.947005453725703,16.08076189909674
Gene_0208,2416.9629433298032,54.422713552437955,31.13874370177982,287.19469620698334,1240.1887609430235,362.34484185333463,165.18566462091724,592.8182633983179,128.90893683962798,570.1046448003868,301.1658703797497,46.393634393307046
Gene_0209,276.6056103552287,217.66674656010105,165.60904200932762,23.962976377488822,52.978951811099634,24.0187371803335,50.57391941406882,19.658376061837846,12.558688349768447,78.49440101883702,524.5973825161545,505.48677506871184
Gene_0210,100.71131161322103,52.7418739658901,45.78752600114337,130.0577429768908,675.095695102715,27.196032065666582,604.4383022026216,48.093796175030796,241.08089925692906,1345.088762937613,28.111264005972718,128.35155725311276
Gene_0211,192.62426776588927,26.2176093026953,196.56341947302798,184.9783991778607,100.78527693998586,715.8487352382454,168.60925709629257,6.694677811331272,12.565509178622161,323.49977107740307,1053.9800320842114,269.9008273753539
Gene_0212,91.87388105707053,21.15218200720307,48.416389504079525,836.7696279905822,72.21254020992306,151.41963036360528,19.775001562816765,329.81926689767147,391.16664046423335,91.38810461650586,41.42490423498484,288.23711742011045
Gene_0213,106.03717842124924,105.03197877957932,69.39868177406868,1372.0252279088527,128.96263585021308,314.712404879216,57.78591436850454,662.7796479684337,628.4844110709656,429.6193903097707,44.28590772186247,257.4167855176796
Gene_0214,68.4194852137212,379.16374240700424,885.0256311020751,13.922963986460037,18.438362433768308,73.7825895476626,28.03564000003318,1346.9690229643536,84.69031990240988,183.4902675463858,49.44265395189724,189.93499491630425
Gene_0215,254.95317255957283,4581.04877185374,4.49595013113647,235.77246632781862,109.59931911427287,179.00027039285308,128.22976172486403,70.26047627567563,33.72080001991876,159.52422993950506,519.2739528288603,481.40973009737763
Gene_0216,95.69012067432438,66.18911044781031,211.29880689736066,55.09613865796726,623.1981001900251,177.96075938912642,727.6734285540913,54.98094996566366,238.56076927137053,543.9449370408719,154.76839686262542,599.6271813832562
Gene_0217,52.33348043919842,16.878204708797288,155.71385988084623,123.03921459443805,181.04931026788734,457.49578721927475,18.852012276599467,174.90467006165645,465.23081932757964,1224.5890653537488,9.782460873234175,57.42085134086433
Gene_0218,28.831705654386944,253.23483699807318,14.511844762089646,29.285738229342726,10.952559012915877,539.6266928707103,1.0192484515497346,62.811482846952124,143.86120318462648,153.35269080795248,64.77893188990272,32.95890655646022
Gene_0219,255.9532853211198,51.45678445603266,156.97373269960036,5479.477447328245,300.6156837090662,74.47868595604692,127.81854351973494,12.845776926896901,198.09608567169562,28.714474841317454,214.7727487303183,123.62473123136726
Gene_0220,11.780372177543613,478.92682829914804,40.849560253377874,895.7920924430174,3.316423387642638,35.59214196794013,27.983157394461887,309.4359492568026,150.8827328505482,14.36414626167392,60.22388417584661,4.22810555977027
Gene_0221,1486.2880104497053,25.160627533174726,339.2915519957853,1115.3906048699619,16.425293948271985,13.577929717189791,45.252040767138205,349.40207903148985,959.8176810316669,26.855039528215052,13.95881493531717,171.50403100352597
Gene_0222,148.36053534628724,5438.671546822045,34.85091233760698,377.89804855122946,83.2652168277768,67.95351094947681,578.071017040775,432.73260295556895,102.65373475235334,288.6010278706449,687.8040787088853,13.367102780885368
Gene_0223,594.1052660736681,3.420040621231659,540.2720780344428,24.242730554180945,88.12305224293335,426.2614222243507,447.6867864338203,1365.4581477703289,606.2170344882218,71.60212148639489,78.86638394171817,222.48091885614807
Gene_0224,333.5197888084952,234.9097355094537,14.276273539992205,90.50509014334314,276.5420951423265,78.48365748940255,1678.1382373044569,514.3164497154239,296.24417454767104,1461.666795530656,136.34320365637046,266.5204401909803
Gene_0225,940.8363625449339,86.42170129080604,22.275544860432152,405.1934700896517,99.64900966198915,75.27616779382763,143.92161249701715,3.074063783916347,70.5935788995191,985.1630193248125,1393.4226174593707,10.1158751661331
Gene_0226,197.7311990907595,1247.2042393617253,95.83847583385264,116.56934634756156,13.145062553798478,36.07861589300392,73.3620732062867,174.18922759303925,392.96485293541264,96.12245867609766,1.5526961572213178,129.94577060621756
Gene_0227,11.038111664905063,195.93671695864106,60.25570717962149,323.7763041329769,268.98848592980954,167.68409785672787,105.48059995134166,29.442311001904937,10.207181434099313,72.52924782754481,348.2745579372044,245.1794237799485
Gene_0228,178.298892326191,194.95194696946942,763.9288364774767,216.42475146436652,559.3765995968299,141.37424226811055,51.15871870497675,92.41071443393349,1019.6248887496629,108.85085919723666,26.056329838896232,104.959535005792
Gene_0229,7162.959309969297,30.849707579806996,1737.1892249831546,363.581318947269,28.90123499799933,6549.6347629054935,139.6516046017103,21.815812878513363,61.15728204149137,44.667883170606366,158.94813643766108,171.62173006807186
Gene_0230,10.906823466655231,3026.025270697047,18.755444033655372,129.16822880325137,849.8975024478942,60.870739716751,105.15648324452884,171.37079269050056,59.009962360479676,580.8047548967292,102.27268856158287,155.30081623509227
Gene_0231,127.46492920034429,3086.543500427727,110.09991008295081,8.352074486752452,353.27667166458093,23.28295864502749,263.26184719912015,135.89099985188938,14.276107032850245,76.87379293415914,33.1918221751848,1858.1854787233813
Gene_0232,25.882288043302562,223.07072067530723,1111.9324967729772,184.03714128227375,155.7660566556813,208.1063070630131,46.7214323598516,53.66495146141067,131.26620488296857,3.109615272718999,181.55339564697084,374.0812471422082
Gene_0233,364.75684893950006,21.16222455935053,3.3528739407428363,808.663270374846,65.0218856679648,855.2484454836205,51.3853188772082,116.77999806339429,38.37253732193794,123.91717613348887,84.22171454564352,108.53269949913317
Gene_0234,138.77778312475087,263.2401668458584,77.3101092249131,106.60521845843837,565.3980273598578,52.3570979557117,47.823987809398254,182.8330026561415,898.9285845213777,182.38670783988903,80.96564270416937,438.4633843632764
Gene_0235,122.14949026342721,62.828986729762796,225.64542758573558,480.34772767287484,18.099331823086356,78.59737336292366,14.315088725160308,181.33051294844896,1865.4188956147323,52.66909909527698,344.1298417974668,235.1421984726801
Gene_0236,207.51588375445147,57.224916523777566,630.3286341496705,1010.0373981762056,1318.8577891170282,276.89315883726147,962.4576584421966,171.4325012489392,55.74714186793837,53.168975294443015,55.53366508591923,268.36839801234737
Gene_0237,153.9045754090046,56.85840044813636,164.55883339065653,243.69770437918172,569.7281378854357,961.3205504644146,51.39486660710323,1374.3833636422903,260.4402450118468,145.2498594981385,738.4709710681952,1006.0771305093706
Gene_0238,166.57513318237687,57.3984600023218,76.07002364395414,2.3831966891789462,83.66338646038949,280.7417706936149,48.36632856612445,11.839254974444952,28.92492477936774,34.62250530230446,1523.7601868629931,38.25173717930705
Gene_0239,163.229990648052,135.99204056156552,25.17158564197016,224.1953901376423,830.944471514762,321.2205409023047,85.42379496294478,16.504171468327172,838.5803970989161,4643.448724796474,78.82794450002483,100.95681902312397
Gene_0240,17.59479552415186,55.30054343630882,19.668923484686726,128.08352657993504,257.2844924943167,715.9780329020932,1361.7302835986222,568.2306949139299,51.74494601430224,13.70290353080913,52.92755977704393,231.43237616416656
Gene_0241,14.390143709479077,455.66326951472075,191.42866147410166,482.2285566997133,162.35941482030745,52.79837498536075,1493.7262351355548,301.96778432241655,69.56771979524542,784.7535567760251,213.12026295363125,95.14734868044646
Gene_0242,66.5091584896403,293.55572241046735,14.808762236260018,7.908721037475866,13.143069859989913,776.2806380770711,6.66937612056162,130.68946574530767,91.99363842589722,234.68772926358974,100.53588070062027,136.20944140283788
Gene_0243,1692.274856951063,26.849378876721826,137.6585739974076,159.4458861276578,285.8767869087196,1.1376639186354591,36.07600449985152,618.822929858856,249.42494776419238,325.0293712493354,29.216479177809227,243.0655934291115
Gene_0244,479.6428411089105,285.4471136750358,24.82739740908231,196.19313005245166,1291.2362426507505,162.7914478616872,177.1380669546885,598.9484240394968,108.88409849606163,4961.926040887992,51.33896190888229,167.22973024691115
Gene_0245,203.6127453300903,16.118905452830116,427.27527115648417,664.0837333608405,1373.3198262507458,68.67731784587544,576.4559267918229,486.83921073339974,97.23389936433797,147.77571429039241,3.423595118957207,41.468078176799985
Gene_0246,96.52470141034173,23.350383997577303,1334.8564044265588,922.5046526101094,115.1595908970373,317.7461652468178,37.12064627659963,7118.490101440868,41.428246114359204,625.6234509622501,52.49440758328839,174.22855186063194
Gene_0247,52.99773941762701,288.98379452069145,30.28123916464556,275.12968360169305,11.359337917225599,284.257624796721,55.76254462378034,101.8259013634197,184.34143399037254,10.756933268487531,644.984735476846,436.2586402972934
Gene_0248,238.65070583813645,1173.000270654666,24.22387563757354,108.98058061024425,381.96952771168156,26.142219018915597,3579.2916609422577,122.27218788131381,215.90805299899506,188.42677551588793,19.181764698129573,85.32093680492112
Gene_0249,173.16072240452863,66.81777701764348,19.967845437963476,27.54738940775904,70.62593307787292,251.3967467040017,51.635724698758416,185.6363232898752,188.60547560347945,15.331448369369104,161.92779328558836,1004.8573612289225
Gene_0250,616.7978498016744,190.8424888505697,239.9656865016998,99.37782855927604,110.83146098842182,1176.7459983623046,140.8791414215398,143.1691361633009,195.56606413570776,28.595580256938984,35.5987141238515,18.939341999029523
Gene_0251,2077.898484452223,42.752282303899875,45.26515878688694,327.323959893727,1035.911788822936,111.95335571725984,216.05422567651297,35.0210708880193,7.776340699394575,13.287574596295796,33.81036655396863,176.1162146032199
Gene_0252,114.06679040639844,200.62594669093787,890.3663722045869,323.6911990120554,164.6595573876303,545.2088516355558,91.70780994651484,80.05265634396989,330.3500684604068,64.55392734094383,1769.6541438012757,1.3615417547000805
Gene_0253,1767.9084412395835,14.563348772564956,57.53255792778902,1746.2611231448752,27.213202128860917,69.30497181999579,217.06280270000047,55.80960893745906,3.842075838173689,465.4729128798793,128.91906824358617,53.42374869644739
Gene_0254,33.06523973740448,126.85109238729422,206.6673700729799,877.8671366005586,492.76867683393937,34.25341566596198,6.604857599310126,105.23811929820168,313.42838746318,72.28140619586232,30.939491106862203,38.29627618112521
Gene_0255,163.63085512298196,107.06016926642832,15.908213935747167,204.2041588329515,15.514184243979347,796.6108393922951,5.931050431674717,594.7382216630756,671.2863165229915,353.916931155765,268.2756620937068,90.09718698624155
Gene_0256,347.3057001218223,522.9644196052,95.22487120044761,31.62417453841537,28.288477749305198,126.64601839606537,210.12275315167423,798.5319869657785,9.804926912754826,61.8152740028112,57.14610276583486,94.59599300753267
Gene_0257,63.11579876469871,38.55573165515114,57.06126799002817,16.715334399329915,210.14931449916156,175.8193467500822,77.31492890037293,123.14561243450663,126.68194912346746,142.86346070249917,423.73308982643533,69.1996825229395
Gene_0258,8.149062232856734,31.630747242597117,95.16214071711629,18.814728127910385,18001.459583357522,72.84726896780862,30.31910327648967,135.5214845618244,1557.9519500134652,76.41625812407707,6.445721073697044,17.56434382916773
Gene_0259,1504.6645901321274,40.71709994099673,104.91304017587612,1414.9278959490655,88.78957884454434,358.69669093450335,158.88441174366122,86.68587930150994,61.87839102611036,136.59548553957947,45.5267717616723,3473.6012697047563
Gene_0260,387.25953010163397,20.846398567155173,802.2876558555417,157.05974560117343,1087.8069737784915,137.2193732325951,122.11880204651767,106.70323821792445,77.25483299363145,121.28773155103109,101.62693443141704,251.1845783941706
Gene_0261,56.900263735961786,2449.047068622421,250.18436783551138,21.917805640053817,83.67244777182495,192.4509397577752,50.58520897802218,1340.2922396814515,181.79466888095797,151.1356655420717,48.04363993824889,51.1428346455929
Gene_0262,63.961257523697,130.3365912527279,8.45478034875637,868.1009662182414,26.084182305001427,552.3951568903603,269.32176462890715,61.19882973890533,276.15284304254016,530.7082988160472,53.882225920796124,74.96408670006794
Gene_0263,40.09890792018784,662.0292880588844,128.04782148229503,92.1259113801535,4.8616394120726465,168.72236962849527,48.134460919586814,373.8910563483771,367.1970157763879,307.80124770483565,18.794822591603825,656.9254649236834
Gene_0264,302.5254884562516,222.40413741245428,385.9957567251313,17.35984976073144,287.646676886766,143.39302830533347,57.10040615298782,39.946208485223174,475.58421660181375,2346.2701698272413,32.60711097114786,651.8706316957318
Gene_0265,12.555952665184844,38.1001344444803,195.80711067168073,315.7146820320372,4163.0833447814675,46.49052845614998,999.080835405957,66.03019540077801,23.631731584485433,32.711626498426014,237.7183752392241,34.83012859487719
Gene_0266,250.32335154138025,334.41679043991996,1029.4003767407642,349.85884004460775,26.60219914327175,376.2499405195259,243.3487093075819,41.36423824555444,74.61162869752454,7.790800502043111,4.11687344666019,76.70651830027212
Gene_0267,306.2017196348089,85.59341468493655,581.8464335985709,44.11989899309197,42.55127719520159,435.6054639894035,10.633130401810632,21.867497229123835,106.0668812247195,206.36984335146136,37.198488683376794,964.7451420762676
Gene_0268,48.279022814410816,352.5823509813413,292.1409461115436,559.1896016261758,345.8350816233825,176.29632805698773,1770.1284691221538,602.8774834602614,502.83431744686794,846.5455838942918,569.9959268120697,705.5832226392477
Gene_0269,617.748359831924,128.21670313689594,438.62980143386085,211.70255027384346,162.15220707587343,2872.8373227112534,58.858695273051275,85.68352782164297,76.6467552012526,17.979523398836776,42.94067182268002,859.6806131648283
Gene_0270,66.99530292570175,54.62559416725637,73.32181151658916,97.77854774361866,109.6804945660758,94.1578257186368,16.555155794241116,56.05785183399399,134.72937528250748,567.6785732522668,31.60694976015266,148.28359240946384
Gene_0271,233.6373609989318,188.27344241069534,54.63532754393394,26.26571037389547,284.6960301914133,192.65748846080677,203.07592401423642,197.08039631160526,28.042036583475994,248.23664012475845,19.393692529507145,77.80063079074688
Gene_0272,161.6578539478041,1076.0373183563865,63.87556784320811,4.928373490025303,65.99231094269983,958.435316731056,2.3215466074065723,172.95979844343287,126.95739547403491,3122.7517090688884,28.26005511438796,866.8272656494731
Gene_0273,165.99344848829307,408.5624886406513,42.20161484894425,90.06822762058233,28.867313111906245,72.75999845918457,1105.3951072841542,750.8629938992278,258.90913964123587,65.46346732739931,75.95017875680225,44.82259444721564
Gene_0274,190.43674146074494,355.2281013006798,42.114871543031114,218.93417965196258,44.796783477697495,145.5568794669513,2626.6866854466825,125.24314420506676,23.966676105780163,108.94092463181082,25.73403501257899,56.01817817454109
Gene_0275,84.95733098272487,4751.59284883937,90.33293602710256,76.18626941974223,68.24326143939025,62.478875385248344,619.6556763616161,3501.2977047216323,198.90351630106835,862.7676445734159,4099.51068640221,366.9106981177728
Gene_0276,198.64789334464615,424.73587567415177,320.9271752735812,905.2235579094247,23.56945669646757,18.99349177278038,262.48656952183353,477.2891688723154,1210.440079521338,90.68554001461413,544.3589902885797,282.42817670535277
Gene_0277,72.59583906628089,31.770433240717587,134.96431749504157,182.2292245354059,129.74513854637146,234.62698706358069,78.51691415936224,565.320025621873,250.70574351136628,4252.876448461528,33.72089560486731,374.3646414000566
Gene_0278,309.2038156256318,276.4326558644649,80.66646228918101,181.92833951885234,217.34107084855276,42.43366607548249,140.08633076690325,833.6115606187249,89.29026010869522,19.693274756164264,95.16935020188572,142.20048094878146
Gene_0279,21.479815172077743,27.624223816059324,747.0363577349841,669.9483918633548,242.3671281558178,21.203811521966234,14.58226876386077,245.90769755185738,200.37246454589595,13.626995328359534,433.75102806540724,25.354978138454968
Gene_0280,217.31777274420222,258.73087739216726,85.69902742383961,269.47254810613504,7.723479189715397,256.2704047745676,253.9841070721409,192.09755937998426,193.17188535750984,82.66420283827932,809.8949638382888,8.537911893606493
Gene_0281,869.4502111232791,133.05800130454838,529.4643358522536,265.68851652322354,211.33060753779944,30.80379546093075,3.8285420302737885,4.699835249650369,346.4823812113326,48.606531087326964,33.14797479535329,111.59992087540282
Gene_0282,941.8107428595395,136.7108503927602,388.4333699773879,3494.645701652128,2655.9368665995667,73.25925266620368,161.808573902674,759.1030998608203,10.23231178632283,231.6417639691315,1000.3353058721792,88.03404308826704
Gene_0283,3127.2993150095776,171.00707489799694,102.1820848666263,39.97417621724363,1801.8461233191595,1290.917397483219,1429.9334421151732,19.583455810233122,354.93675721775276,559.8843012320815,506.9172172426755,143.45750020080234
Gene_0284,1268.390978928908,68.75641885861701,134.45449765157096,340.74653496371747,109.86246301193216,67.42274574256902,115.15104780937536,502.9969336246827,76.65374089840834,211.78445557901802,87.43465612927423,14.70985830036812
Gene_0285,54.406870959801914,312.37789909033654,302.36797508414423,51.762824784334974,490.99908968212384,14.354184883181077,344.60285455561296,530.4922633276327,2562.4487922185513,165.08431840605706,99.74192921773506,204.54657136500416
Gene_0286,71.00536591263602,731.4466105293961,39.84074717852335,1306.8960215695668,31.88133309042572,262.3112148430135,333.0175903604544,360.2162255006566,14.717131347726902,349.74465604505156,4.173057634518628,415.2710117258233
Gene_0287,7.6455039345037745,107.22448920250434,85.80388856973991,166.16907351350372,243.64228883897303,449.9792037291952,753.8236756088471,181.17342517742878,319.8905695451356,16.110785793221186,196.75268041494093,71.14071270100888
Gene_0288,82.51172183676275,16.66657241843883,403.64810114154164,1613.3139530311976,18.94305167879559,600.0611687004488,3119.4648737629823,34.08664610206998,57.848208769658164,178.41494508599706,178.749995021475,41.214154653125
Gene_0289,24.060566976344393,0.7047424572475799,116.8319844047574,137.15989659070647,162.17533399724977,421.45621952682916,122.59676151729857,4845.807694533053,224.8904935724034,176.13890411706942,92.2399191436326,578.1841306718106
Gene_0290,335.29894329645504,859.4057917799666,1699.3987383927426,148.87921023926197,199.67625460596926,248.6695357731625,4.540722707143672,326.65681039021416,477.8408817630327,58.35448495635188,64.06810965935847,245.232469713852
Gene_0291,156.07291590016686,670.7064044356646,43.46298137265116,2263.557998221872,110.7792750657845,763.4098782650839,98.80970404227051,23.102644875626922,225.62065872826986,703.0936484071638,274.79339436552334,1413.7717662700188
Gene_0292,44.68274764439225,75.18515980062779,1482.4934449809825,20.311729726992453,251.65146968494537,371.4628157882763,372.5357466062885,172.1599169462122,14.069261347417577,85.93524394152088,376.5657971434993,267.27228143055504
Gene_0293,2696.9843251262005,334.61130480076304,1661.770830455608,23.313219690292588,50.62483075472217,70.49139485735633,3738.2285004202045,208.82569270520165,582.9551177332571,226.19120841389784,18.074336482805045,505.7282402077406
Gene_0294,8.713607499327566,237.61060691882574,65.45849443812334,86.33784581108597,227.48662384001977,29.141457554525136,1289.946354343304,44.564154347245854,108.86302962243069,287.31914839126216,81.21868546510571,981.0994136911365
Gene_0295,91.71309150367213,156.82444831777659,51.78099536712396,1316.4878662037866,3703.594879083917,137.25179396879324,75.70290771869345,212.6367294357058,3.662918224462204,1239.050387956548,223.23958153665941,5.782025181829554
Gene_0296,490.6220215488955,3.6293198670045284,12.454502163070563,450.8342903254252,300.6724555558728,263.8673693997811,4.7098146597880115,91.71913983015996,1079.6143075007412,345.8382447131291,341.6149200004992,97.99190583827219
Gene_0297,27.237242391369364,418.8833345546755,73.65591775138967,112.12946036021182,79.16037673026786,74.76307996165966,283.14212162434916,20.296323419577934,55.70632242973373,730.6163648894549,785.1922270217043,372.1615703206619
Gene_0298,161.52401895935967,6342.172423224814,27.565575958260798,11.872600233567168,4638.07945649326,17.801672398268515,556.7179127504068,1083.722401094732,119.42887724937229,106.88204163951417,52.22622025663736,645.7043438501381
Gene_0299,275.5684823880089,183.0614384925188,71.83881308269704,235.3784673166319,15.718127005000268,19.209512432857874,62.59067232564633,15.605849612977089,93.14958147708838,1252.489298816189,162.5125190766587,103.50037598749209
Gene_0300,83.5171354183331,575.4386138779922,1731.676854514501,98.5916797586778,17.899453610364134,1085.623830837692,4429.130846152501,439.5394289923815,1379.801157853502,878.1277252560599,39.05300748428562,354.72901633209506
Gene_0301,166.17377375588566,173.91295068023396,93.430581154036,221.88249580791236,171.71569373776333,81.75839645640768,27.832824831111925,49.34347674341076,1149.7493560762482,158.84642348050536,86.55051104898092,203.00508799241206
Gene_0302,75.8140206565022,48.01877111918857,813.7764345926307,23.95600480867874,116.72411714886091,79.26154304587362,29.98224738011029,464.0170875696712,40.26160688689995,28.706904190278127,128.54353251690299,350.8756495437327
Gene_0303,32.98953324564182,4253.163259894044,92.17092986443288,63.38887877928068,742.1804973451842,183.55198100756473,72.74071982257212,390.77251387305495,95.57000397832446,109.28680579912282,2827.592986229,130.9327910930892
Gene_0304,101.23024553060718,149.20094790039775,797.7165110935093,21.922417722624502,64.59301208326602,294.75412189773454,574.8179954685556,6093.059576794039,23.67053095394022,33.179409552179145,27.436339955497363,70.80435986298683
Gene_0305,147.2053240080303,23.579267500065345,30.684688205319063,82.8210612397495,296.03264772556975,9949.90114338346,685.1756021033353,1063.4212304890577,1280.9290257181342,287.0327152777081,395.453856496965,26.80153362511379
Gene_0306,614.0072465736328,714.3333148737354,44.503784209269114,21.187635029842212,539.9995226200712,59.24012774736205,128.30307361780027,51.5203697391503,185.18738314688193,647.8385880861834,320.95394950286897,283.7279849542009
Gene_0307,65.54659134623621,67.85150017954646,1.289702562341662,858.8803270827088,58.74620305372555,59.414883881627276,118.97954857507925,312.4476310497371,251.32076478005956,1749.668118209838,1093.7551674762626,437.47215798509603
Gene_0308,178.00478157843614,25.148741952189443,71.7622163510103,24.386934987712927,317.4922546200159,106.9740100747881,1532.341261809813,102.36639094285641,65.27397080936545,759.6950167032157,184.20188736042294,241.64636874782062
Gene_0309,13.784055074195733,30.841064125792965,1289.2319101582164,20.635758479552045,358.3428687113253,263.63138886889806,690.5700622273325,49.353751121445164,48.444344797798074,51.42944374953372,133.27365808388757,56.485993874092706
Gene_0310,426.4508327456099,114.31421847030931,70.00399397614558,27.51145242426817,135.6491565187316,72.38369837656354,1334.477809643011,791.120881834954,132.84706063188756,824.475002484976,121.35748903252865,61.01916346181937
Gene_0311,31.9357601172457,1371.3904464918032,29.959453003841805,50.714257203547696,427.4449112538529,265.0480050676797,341.3960800402171,14.145912635905287,70.97901499883334,83.73098520384856,550.0029507993582,170.11738189843416
Gene_0312,122.89399177852657,4.8371309689492925,236.721734455463,545.6953518298963,245.70304597119662,47.13765864477915,37.99240499153384,223.16340938402206,158.75396744112152,573.367861153709,250.8844453109331,1147.1185125449201
Gene_0313,575.1467671589186,151.96252971835514,42.5288332290366,215.5974094514352,149.8440895787957,54.16217136249654,236.1587531105701,529.1867502895126,133.23394703417958,252.56850061016902,61.03618263754574,95.85392538391085
Gene_0314,482.0386629283508,169.2396083606419,65.34228882656748,325.71334879671804,66.0757219080298,38.509067222586644,30.769161189217925,924.4291567432626,176.20054826576774,13.102903831756688,4.976079535813627,26.000280164287016
Gene_0315,76.70354399826391,3052.020830121149,66.68438317048033,58.7574862621937,860.7649954852309,44.49292052544968,356.6827990460719,830.5098416524081,143.33617104052303,115.78401601053754,3199.6104592623647,272.4724584426602
